Type;MatrixSize;ThreadsCount;Time;
OMP;1000;2;3.48786;
OMP;1000;4;2.91326;
OMP;1000;8;2.96536;
OMP;1000;16;2.94727;
OMP;1000;32;2.96243;
OMP;2000;2;28.1779;
OMP;2000;4;23.1205;
OMP;2000;8;23.4154;
OMP;2000;16;23.4876;
OMP;2000;32;23.5746;
OMP;4000;2;226.879;
OMP;4000;4;187.759;
OMP;4000;8;190.337;
OMP;4000;16;191.375;
OMP;4000;32;205.797;
OMP;8000;2;2004.23;
OMP;8000;4;1504.66;
OMP;8000;8;1566.87;
OMP;8000;16;1669.8;
OMP;8000;32;1681.51;
