Type;MatrixSize;ThreadsCount;Time;
POSIX;1000;2;3.75756;
POSIX;1000;4;2.92945;
POSIX;1000;8;2.93683;
POSIX;1000;16;3.31525;
POSIX;1000;32;2.90314;
POSIX;2000;2;29.5;
POSIX;2000;4;23.3753;
POSIX;2000;8;23.3204;
POSIX;2000;16;23.3659;
POSIX;2000;32;23.0583;
POSIX;4000;2;227.539;
POSIX;4000;4;196.718;
POSIX;4000;8;190.4;
POSIX;4000;16;188.443;
POSIX;4000;32;189.966;
POSIX;8000;2;1885.25;
POSIX;8000;4;1726.76;
POSIX;8000;8;1598.14;
POSIX;8000;16;1661.01;
POSIX;8000;32;1625.23;
